,name,pos,team,overallRank,positionRank,vor,points,upper,risk,adp
1,LeVeon Bell,RB,PIT,1,1,112.9593,239.9599,265.5396,10.2458,4.3225
2,Jamaal Charles,RB,KC,2,2,107.2419,234.2425,253.8539,6.6925,4.45
3,Adrian Peterson,RB,MIN,3,3,104.048,231.0486,243.3057,5.3206,4.69
4,Eddie Lacy,RB,GB,4,4,101.7123,228.7129,240.8671,8.1847,4.385
5,Antonio Brown,WR,PIT,5,1,100.6685,223.0244,233.0967,5.7459,6.7725
6,Marshawn Lynch,RB,SEA,6,5,99.4122,226.4128,240.2334,4.3429,7.46
7,Demaryius Thomas,WR,DEN,7,2,92.4,214.7559,223.5969,6.232,12.3725
8,Odell Beckham,WR,NYG,8,3,88.0368,210.3927,228.1607,9.1704,12.255
9,Dez Bryant,WR,DAL,9,4,87.6742,210.0301,218.5833,5.8457,10.38
10,Matt Forte,RB,CHI,10,6,85.628,212.6286,225.2184,6.0043,14.045
11,C.J. Anderson,RB,DEN,11,7,84.628,211.6286,230.5106,6.1241,15.305
12,Julio Jones,WR,ATL,12,5,80.3069,202.6628,217.7896,8.7585,14.7775
13,DeMarco Murray,RB,PHI,13,8,78.2989,205.2995,225.5303,6.5356,14.0975
14,Jordy Nelson,WR,GB,14,6,77.779,200.1348,209.8183,7.8198,19.5825
15,Rob Gronkowski,TE,NE,15,1,77.0187,179.5051,200.8319,6.8995,13.52
16,Aaron Rodgers,QB,GB,16,1,76.6525,326.8885,340.4335,4.7474,12.495
17,Calvin Johnson,WR,DET,17,7,76.6056,198.9615,217.9064,7.7411,17.35
18,Andrew Luck,QB,IND,18,2,75.7014,325.9374,349.824,4.4743,11.5375
19,LeSean McCoy,RB,BUF,19,9,73.8882,200.8888,211.5914,4.5601,15.3675
20,Jeremy Hill,RB,CIN,20,10,70.598,197.5986,215.8516,4.749,17.9025
21,A.J. Green,WR,CIN,21,8,59.9906,182.3465,191.8313,8.167,21.4775
22,Randall Cobb,WR,GB,22,9,58.1302,180.4861,190.4072,6.3457,23.425
23,Justin Forsett,RB,BAL,23,11,56.5382,183.5388,196.4816,4.8481,32.25
24,Alshon Jeffery,WR,CHI,24,10,55.2228,177.5786,190.1681,6.0993,25.4225
25,Mike Evans,WR,TB,25,11,50.7987,173.1546,189.8657,5.8076,27.0575
26,T.Y. Hilton,WR,IND,26,12,49.3126,171.6684,186.2497,6.3772,28.9725
27,Russell Wilson,QB,SEA,27,3,48.3381,298.5741,308.415,4.2068,31.5625
28,Alfred Morris,RB,WAS,28,12,46.3,173.3006,187.8034,4.2753,35.5325
29,Lamar Miller,RB,MIA,29,13,46.0937,173.0943,185.3622,4.2538,42.575
30,Mark Ingram,RB,NO,30,14,44.4766,171.4772,186.7645,5.0981,35.8125
31,Melvin Gordon,RB,SD,31,15,41.7044,168.705,181.8317,4.6976,28.435
32,Frank Gore,RB,IND,32,16,41.233,168.2336,188.3243,3.9087,37.21
33,Carlos Hyde,RB,SF,33,17,40.3587,167.3593,186.875,6.3361,41.48
34,Emmanuel Sanders,WR,DEN,34,13,39.8295,162.1854,177.6102,6.9613,34.705
35,DeAndre Hopkins,WR,HOU,35,14,38.638,160.9939,178.1196,7.2095,36.4125
36,Jimmy Graham,TE,SEA,36,2,37.5795,140.0659,156.2571,6.4927,29.8175
37,Andre Ellington,RB,ARI,37,18,32.4912,159.4918,183.9019,8.7415,58.32
38,Jordan Matthews,WR,PHI,38,15,32.4467,154.8026,167.1362,4.7309,43.5175
39,Brandin Cooks,WR,NO,39,16,32.3862,154.7421,166.7512,5.121,38.435
40,Kelvin Benjamin,WR,CAR,40,17,32.3444,154.7003,166.5539,6.327,36.89
41,Latavius Murray,RB,OAK,41,19,28.9262,155.9268,165.8083,6.2941,53.285
42,Peyton Manning,QB,DEN,42,4,28.1654,278.4014,297.132,3.0684,33.8425
43,DeSean Jackson,WR,WAS,43,18,26.437,148.7929,167.0238,5.2853,58.8825
44,Jonathan Stewart,RB,CAR,44,20,23.5777,150.5783,167.0148,6.5035,60.2725
45,Todd Gurley,RB,STL,45,21,23.2176,150.2182,167.3351,5.9974,39.4975
46,Joseph Randle,RB,DAL,46,22,23.1994,150.2,170.3815,4.0697,56.075
47,T.J. Yeldon,RB,JAC,47,23,21.9887,148.9893,161.2605,7.1768,58.8167
48,Cam Newton,QB,CAR,48,5,21.9297,272.1657,293.3702,7.295,60.6275
49,Ben Roethlisberger,QB,PIT,49,6,21.3594,271.5954,286.9385,4.1672,46.2175
50,Greg Olsen,TE,CAR,50,3,21.1704,123.6568,136.6174,4.8131,54.2775
51,Drew Brees,QB,NO,51,7,21.0911,271.3271,288.0805,3.0345,44.7975
52,Golden Tate,WR,DET,52,19,20.888,143.2439,160.73,4.3933,56.2
53,Travis Kelce,TE,KC,53,4,19.692,122.1784,134.1978,5.6089,53.1875
54,Sammy Watkins,WR,BUF,54,20,18.4686,140.8245,153.6598,7.5655,53.875
55,Keenan Allen,WR,SD,55,21,18.3535,140.7094,151.3116,7.0637,53.7675
56,Matt Ryan,QB,ATL,56,8,17.8122,268.0483,280.5304,3.5812,64.285
57,Julian Edelman,WR,NE,57,22,16.5532,138.9091,145.9082,7.3484,53.2725
58,Joique Bell,RB,DET,58,24,16.4163,143.4169,162.8027,6.6033,79.9725
59,Brandon Marshall,WR,NYJ,59,23,15.6439,137.9998,147.898,4.4926,63.14
60,LeGarrette Blount,RB,NE,60,25,13.8735,140.8741,158.2552,3.722,76.915
61,Andre Johnson,WR,IND,61,24,11.973,134.3289,145.7953,4.8538,52.0425
62,Jeremy Maclin,WR,KC,62,25,10.7462,133.1021,144.8107,4.2791,70.2875
63,Tony Romo,QB,DAL,63,9,9.5765,259.8126,268.0603,3.444,67.7175
64,Martellus Bennett,TE,CHI,64,5,9.4131,111.8995,118.1705,4.5204,67.8575
65,Vincent Jackson,WR,TB,65,26,9.0112,131.3671,143.7263,4.0127,75.305
66,Amari Cooper,WR,OAK,66,27,8.5628,130.9187,143.8348,5.6145,46.7225
67,Brandon LaFell,WR,NE,67,28,7.2362,129.5921,148.1163,4.0207,103.855
68,Martavis Bryant,WR,PIT,68,29,6.363,128.7189,145.0937,5.0101,65.84
69,Rashad Jennings,RB,NYG,69,26,6.0073,133.0078,144.946,5.4839,78.155
70,C.J. Spiller,RB,NO,70,27,5.843,132.8436,146.431,5.2915,67.22
71,Ryan Tannehill,QB,MIA,71,10,5.5417,255.7778,265.2299,3.6728,95.5875
72,Torrey Smith,WR,SF,72,30,4.8849,127.2408,144.6398,4.0614,103.67
73,Jarvis Landry,WR,MIA,73,31,4.5196,126.8755,140.5084,4.5781,81.9575
74,Giovani Bernard,RB,CIN,74,28,4.2784,131.279,149.3847,6.8525,76.5825
75,Chris Ivory,RB,NYJ,75,29,2.4503,129.4509,141.9151,6.1084,95.175
76,Michael Floyd,WR,ARI,76,32,2.3275,124.6834,140.8381,3.1278,97.92
77,Mike Wallace,WR,MIN,77,33,2.0296,124.3855,137.0806,3.7727,84.9325
78,Roddy White,WR,ATL,78,34,1.982,124.3379,132.8696,4.0941,92.2825
79,Anquan Boldin,WR,SF,79,35,1.063,123.4188,133.6587,2.6192,120
80,Allen Robinson,WR,JAC,80,36,0.8122,123.1681,139.3678,4.8098,79.7
81,Jason Witten,TE,DAL,81,6,0.7867,103.2731,109.2336,4.0247,80.0925
82,Zach Ertz,TE,PHI,82,7,0.7728,103.2592,112.6844,4.0505,81.6425
83,Eric Decker,WR,NYJ,83,37,0.1531,122.509,129.8562,4.2656,104.8575
84,Isaiah Crowell,RB,CLE,84,30,-0.9136,126.087,144.0294,5.2552,90.6275
85,Nelson Agholor,WR,PHI,85,38,-0.9653,121.3906,135.1281,6.189,82.025
86,Matthew Stafford,QB,DET,86,11,-1.29,248.946,263.5916,3.35,84.6075
87,Arian Foster,RB,HOU,87,31,-1.5367,125.4638,191.955,13.939,49.1875
88,Julius Thomas,TE,JAC,88,8,-1.5595,100.9269,117.6883,6.6307,75.35
89,Larry Fitzgerald,WR,ARI,89,39,-2.6035,119.7524,137.5581,3.6484,98
90,Delanie Walker,TE,TEN,90,9,-3.8489,98.6375,109.9494,3.8238,119.15
91,Marques Colston,WR,NO,91,40,-3.8946,118.4613,132.1415,3.5743,115.03
92,Colin Kaepernick,QB,SF,92,12,-4.2517,245.9843,261.899,3.5074,120.5025
93,Philip Rivers,QB,SD,93,13,-4.4624,245.7737,254.6907,2.9892,104.1575
94,Eli Manning,QB,NYG,94,14,-4.6391,245.597,263.3264,3.0343,91.685
95,Charles Johnson,WR,MIN,95,41,-4.7243,117.6316,133.3729,3.688,97.9275
96,Tevin Coleman,RB,ATL,96,32,-5.6384,121.3622,141.9053,7.1191,72.1275
97,Dwayne Allen,TE,IND,97,10,-7.3719,95.1144,106.258,4.6801,120.3875
98,Steve Smith,WR,BAL,98,42,-7.3936,114.9623,129.2057,3.901,101.8325
99,Ameer Abdullah,RB,DET,99,33,-7.6514,119.3491,144.2266,5.1458,73.7925
100,Jordan Cameron,TE,MIA,100,11,-8.0118,94.4746,102.5683,6.3751,93.23
101,John Brown,WR,ARI,101,43,-11.1623,111.1936,124.4239,3.6299,112.1
102,Kendall Wright,WR,TEN,102,44,-11.43,110.9259,122.4559,4.3643,123.3425
103,Pierre Garcon,WR,WAS,103,45,-12.3249,110.031,122.7312,4.1481,117.56
104,Devonta Freeman,RB,ATL,104,34,-12.4292,114.5714,129.7014,5.2578,109.765
105,Terrance Williams,WR,DAL,105,46,-13.9608,108.3951,117.6302,3.9421,121.28
106,Antonio Gates,TE,SD,106,12,-14.4791,88.0073,101.003,3.8484,124.1325
107,Breshad Perriman,WR,BAL,107,47,-14.5981,107.7578,127.7616,4.0795,101.9175
108,Coby Fleener,TE,IND,108,13,-14.6025,87.8839,99.199,2.4317,130.8825
109,Doug Martin,RB,TB,109,35,-16.2054,110.7952,129.4332,5.4633,88.25
110,Joe Flacco,QB,BAL,110,15,-16.324,233.9121,248.7258,2.6629,124.3725
111,Josh Hill,TE,NO,111,14,-17.0313,85.4551,97.7624,2.1466,113.5675
112,Kevin White,WR,CHI,112,48,-17.1155,105.2404,121.8418,4.6965,82.9275
113,Charles Clay,TE,BUF,113,15,-18.016,84.4703,94.4413,4.9588,131.1333
114,Owen Daniels,TE,DEN,114,16,-18.1287,84.3576,98.9778,3.6256,101.36
115,Shane Vereen,RB,NYG,115,36,-18.8206,108.18,126.5352,4.762,98.4625
116,Kenny Stills,WR,MIA,116,49,-19.5848,102.7711,122.9747,5.1297,129.2767
117,Teddy Bridgewater,QB,MIN,117,16,-19.587,230.6491,247.1669,7.517,113.755
118,Heath Miller,TE,PIT,118,17,-19.7184,82.768,90.4251,3.828,132.2633
119,Victor Cruz,WR,NYG,119,50,-20.4251,101.9308,125.1386,7.3034,94.91
120,Doug Baldwin,WR,SEA,120,51,-20.6542,101.7017,113.3098,4.2106,138.7233
121,Rueben Randle,WR,NYG,121,52,-20.8931,101.4628,116.2403,2.8909,143.7933
122,Malcom Floyd,WR,SD,122,53,-20.999,101.3569,114.1365,3.319,127.89
123,Brian Quick,WR,STL,123,54,-21.2843,101.0716,116.8099,3.6736,128.275
124,Tyler Eifert,TE,CIN,124,18,-21.324,81.1624,91.7824,5.3673,129.1075
125,Bishop Sankey,RB,TEN,125,37,-21.6889,105.3117,130.848,3.2663,111.6175
126,Kyle Rudolph,TE,MIN,126,19,-22.0995,80.3869,91.9121,5.0482,129.895
127,Larry Donnell,TE,NYG,127,20,-23.5068,78.9796,86.9329,2.6464,146.2233
128,Jared Cook,TE,STL,128,21,-24.958,77.5284,91.655,4.0841,124.475
129,Vernon Davis,TE,SF,129,22,-25.6218,76.8645,95.6134,5.4212,131.7025
130,Percy Harvin,WR,BUF,130,55,-26.1402,96.2157,117.9453,6.3015,125.55
131,Alex Smith,QB,KC,131,17,-26.1461,224.0899,237.9872,1.7723,123.6467
132,Tom Brady,QB,NE,132,18,-26.1726,224.0635,257.3633,2.7281,75.2625
133,Dwayne Bowe,WR,CLE,133,56,-26.3794,95.9765,114.5044,2.8746,144.6233
134,Austin Seferian-Jenkins,TE,TB,134,23,-26.3961,76.0903,86.3812,6.8433,132.46
135,DeVante Parker,WR,MIA,135,57,-27.5492,94.8067,115.1466,10.5636,111.4175
136,Kenny Britt,WR,STL,136,58,-27.6754,94.6805,113.1277,3.1575,151.33
137,Jay Cutler,QB,CHI,137,19,-28.1252,222.1109,233.0054,3.9318,131.4
138,Jordan Reed,TE,WAS,138,24,-28.8564,73.63,84.5747,6.5306,139.145
139,Davante Adams,WR,GB,139,59,-29.7178,92.6381,114.8853,4.1344,108.91
140,Ryan Mathews,RB,PHI,140,38,-30.7694,96.2312,128.9749,7.2406,100.5375
141,Alfred Blue,RB,HOU,141,39,-32.0538,94.9468,117.8789,3.5703,104.9325
142,Carson Palmer,QB,ARI,142,20,-32.0899,218.1461,238.3662,3.5873,131.7125
143,Michael Crabtree,WR,OAK,143,60,-32.2268,90.1291,114.2885,3.6735,131.325
144,Darren McFadden,RB,DAL,144,40,-32.7476,94.2529,112.8209,5.1026,100.45
145,Ladarius Green,TE,SD,145,25,-33.2584,69.228,80.2627,4.0281,135.8133
146,Eric Ebron,TE,DET,146,26,-33.625,68.8614,80.8592,5.2966,135.175
147,Marvin Jones,WR,CIN,147,61,-33.8348,88.5211,101.8548,6.2689,120.1
148,David Johnson,RB,ARI,148,41,-34.4629,92.5376,119.5684,4.5198,85.625
149,Steve Johnson,WR,SD,149,62,-35.1791,87.1768,106.9241,5.5681,120.53
150,Andy Dalton,QB,CIN,150,21,-36.8837,213.3523,230.9844,3.0185,132.3575
151,Tre Mason,RB,STL,151,42,-37.6105,89.39,110.3681,3.8171,102.5275
152,Sam Bradford,QB,PHI,152,22,-37.9626,212.2734,238.3323,6.9539,117.5075
153,Jace Amaro,TE,NYJ,153,27,-38.1283,64.358,82.4218,6.3738,138
154,Markus Wheaton,WR,PIT,154,63,-39.3105,83.0454,99.2103,4.6055,130.4733
155,Knile Davis,RB,KC,155,43,-39.7351,87.2655,98.6334,3.5093,120.2833
156,Maxx Williams,TE,BAL,156,28,-40.1098,62.3765,79.7864,4.3495,51.57
157,Marcus Mariota,QB,TEN,157,23,-40.1861,210.0499,236.156,4.8458,111.715
158,Darren Sproles,RB,PHI,158,44,-40.2516,86.7489,93.777,3.0295,128.225
159,Duke Johnson,RB,CLE,159,45,-41.1399,85.8607,116.4131,8.0525,97.8967
160,Charles Sims,RB,TB,160,46,-41.383,85.6175,99.9413,4.271,121.27
161,Mychal Rivera,TE,OAK,161,29,-41.3843,61.1021,77.4122,6.3797,101.65
162,Allen Hurns,WR,JAC,162,64,-42.5155,79.8404,91.2721,0.8863,93
163,Eddie Royal,WR,CHI,163,65,-42.7915,79.5644,108.5915,6.0684,138.8267
164,Cody Latimer,WR,DEN,164,66,-44.1714,78.1845,99.7695,5.3747,129.325
165,Richard Rodgers,TE,GB,165,30,-44.2648,58.2216,70.4247,4.0354,100.2
166,Donte Moncrief,WR,IND,166,67,-44.3517,78.0042,102.0961,4.1658,135.525
167,Robert Griffin,QB,WAS,167,24,-45.0963,205.1397,228.5461,8.1325,141.2975
168,Nick Toon,WR,NO,168,68,-45.2534,77.1025,93.9485,3.1963,72.67
169,Danny Woodhead,RB,SD,169,47,-45.3643,81.6363,105.323,4.786,121.2375
170,David Cobb,RB,TEN,170,48,-45.6073,81.3933,98.4301,5.3001,106.155
171,Jameis Winston,QB,TB,171,25,-46.4456,203.7904,231.0677,4.4149,109.5325
172,Fred Jackson,RB,BUF,172,49,-46.4902,80.5104,97.1067,3.9986,137.5
173,Reggie Bush,RB,SF,173,50,-47.58,79.4206,98.5736,4.0592,123.6075
174,Andrew Hawkins,WR,CLE,174,69,-47.8331,74.5228,102.5767,3.9572,214
175,Devin Funchess,WR,CAR,175,70,-47.9758,74.3801,90.2871,4.5815,119.81
176,Rob Housler,TE,CLE,176,31,-48.7385,53.7479,68.2925,6.2917,null
177,Robert Woods,WR,BUF,177,71,-49.0799,73.2759,96.7699,4.4794,163.5
178,Cole Beasley,WR,DAL,178,72,-49.1711,73.1848,82.669,2.3906,137.17
179,Tavon Austin,WR,STL,179,73,-49.5696,72.7863,86.6037,4.0589,151.035
180,Roy Helu,RB,OAK,180,51,-49.7044,77.2962,96.7497,3.6932,131.04
181,Blake Bortles,QB,JAC,181,26,-49.7974,200.4386,227.0356,4.4563,134.265
182,Marqise Lee,WR,JAC,182,74,-49.8496,72.5063,91.9651,7.0598,160.6
183,Greg Jennings,WR,MIA,183,75,-51.7038,70.6521,87.7808,3.0049,55
184,Nick Foles,QB,STL,184,27,-52.4152,197.8209,218.0031,6.0023,136.0425
185,Cecil Shorts,WR,HOU,185,76,-52.5384,69.8174,104.9236,8.3106,171.25
186,Jermaine Kearse,WR,SEA,186,77,-52.6358,69.7201,84.4266,1.6176,122
187,Niles Paul,TE,WAS,187,32,-52.9613,49.5251,65.9532,5.4092,71.5
188,Brian Hartline,WR,CLE,188,78,-53.087,69.2689,85.7827,4.3072,76
189,Phillip Dorsett,WR,IND,189,79,-53.5877,68.7682,93.9524,4.1004,116.14
190,Jacob Tamme,TE,ATL,190,33,-54.0198,48.4665,57.9193,3.8539,230
191,Derek Carr,QB,OAK,191,28,-54.6223,195.6137,217.2551,5.5702,125.225
192,Terrance West,RB,CLE,192,52,-54.9191,72.0814,98.0193,4.4072,153.55
193,Dan Herron,RB,IND,193,53,-55.1963,71.8043,99.9357,3.2222,148.45
194,Montee Ball,RB,DEN,194,54,-55.6967,71.3038,89.7415,3.7482,122.85
195,Nate Washington,WR,HOU,195,80,-55.7819,66.574,81.551,2.2709,null
196,Garrett Graham,TE,HOU,196,34,-56.3639,46.1225,65.2892,4.9765,null
197,Brent Celek,TE,PHI,197,35,-56.4927,45.9937,57.828,3.2792,null
198,Virgil Green,TE,DEN,198,36,-57.1984,45.2879,67.109,6.4946,99.4
199,Cordarrelle Patterson,WR,MIN,199,81,-57.2602,65.0956,82.3096,3.1132,146.3933
200,Stedman Bailey,WR,STL,200,82,-57.7513,64.6046,94.3208,5.7708,148.6
201,Denard Robinson,RB,JAC,201,55,-57.8025,69.1981,86.3946,4.5475,153
202,Dorial Green-Beckham,WR,TEN,202,83,-57.8789,64.477,91.6589,5.3799,119.55
203,Lance Kendricks,TE,STL,203,37,-58.313,44.1733,55.5955,3.0643,null
204,Mohamed Sanu,WR,CIN,204,84,-58.7219,63.6339,83.6806,4.1198,136.05
205,Benjamin Watson,TE,NO,205,38,-58.7412,43.7452,60.7107,3.9781,78
206,Andre Williams,RB,NYG,206,56,-59.8331,67.1675,93.8923,4.0515,129.245
207,Jarius Wright,WR,MIN,207,85,-60.4553,61.9006,75.2571,2.4646,75
208,Tyler Lockett,WR,SEA,208,86,-60.5254,61.8305,82.9571,4.3889,57.5
209,Andre Roberts,WR,WAS,209,87,-60.5477,61.8082,82.6979,3.2023,null
210,Jay Ajayi,RB,MIA,210,57,-61.0239,65.9767,88.9638,4.5565,104.97
211,Taylor Gabriel,WR,CLE,211,88,-61.0564,61.2995,86.5281,6.4665,66
212,Scott Chandler,TE,NE,212,39,-61.3055,41.1809,50.0767,3.4865,91
213,Clive Walford,TE,OAK,213,40,-61.5332,40.9531,59.561,6.3114,81.27
214,DeAngelo Williams,RB,PIT,214,58,-61.6784,65.3222,91.5456,3.7849,121.235
215,Jaelen Strong,WR,HOU,215,89,-62.11,60.2459,82.1294,9.6776,56.21
216,Andrew Quarless,TE,GB,216,41,-62.1479,40.3385,59.3756,4.4533,243
217,James Starks,RB,GB,217,59,-62.7917,64.2089,74.8409,2.992,154.05
218,Lorenzo Taliaferro,RB,BAL,218,60,-63.2692,63.7314,78.3924,3.1178,156.9
219,Crockett Gillmore,TE,BAL,219,42,-64.297,38.1894,53.5624,5.9667,null
220,Mike Williams,WR,FA,220,90,-64.7559,57.6,62.1471,9.5207,null
221,Stevan Ridley,RB,NYJ,221,61,-64.8804,62.1202,86.577,3.8714,159.25
222,Lance Dunbar,RB,DAL,222,62,-65.0111,61.9895,80.5717,4.7494,139.805
223,Harry Douglas,WR,TEN,223,91,-65.438,56.9178,75.0304,3.3625,null
224,Jeff Cumberland,TE,NYJ,224,43,-65.6125,36.8739,50.1097,3.6014,null
225,Devin Smith,WR,NYJ,225,92,-65.8308,56.5251,87.1531,6.4629,52
226,Jermaine Gresham,TE,FA,226,44,-66.114,36.3724,60.4778,5.5881,121
227,James White,RB,NE,227,63,-66.2848,60.7158,88.1243,6.4894,139.805
228,Gavin Escobar,TE,DAL,228,45,-66.5396,35.9468,55.1084,4.2944,null
229,Marcedes Lewis,TE,JAC,229,46,-66.9912,35.4952,50.906,3.2785,null
230,Dennis Pitta,TE,BAL,230,47,-67.1364,35.35,61.9211,6.7025,60
231,Javorius Allen,RB,BAL,231,64,-67.4777,59.5229,81.2442,4.0908,60.67
232,Matt Jones,RB,WAS,232,65,-67.5551,59.4455,70.0357,1.5648,112.48
233,Danny Amendola,WR,NE,233,93,-67.6585,54.6973,77.8012,3.9241,137.17
234,Rod Streater,WR,OAK,234,94,-68.1027,54.2532,75.9377,4.9276,143.5
235,Troy Niklas,TE,ARI,235,48,-68.6419,33.8444,49.0398,8.6697,null
236,Theo Riddick,RB,DET,236,66,-70.2182,56.7823,77.3316,5.3646,137.925
237,Chris Conley,WR,KC,237,95,-70.3727,51.9832,74.9781,5.8038,65.81
238,Luke Willson,TE,SEA,238,49,-70.3813,32.1051,45.7778,4.2528,null
239,Jerick McKinnon,RB,MIN,239,67,-70.4096,56.591,72.2686,2.5056,147.4233
240,Andre Holmes,WR,OAK,240,96,-70.9915,51.3644,71.6339,2.8179,251
241,DeAnthony Thomas,WR,KC,241,97,-71.8306,50.5253,63.1232,4.0297,188.5
242,Riley Cooper,WR,PHI,242,98,-72.3917,49.9642,69.9926,3.4689,152.5
243,Josh Huff,WR,PHI,243,99,-72.6034,49.7525,76.4414,6.6341,105.22
244,Albert Wilson,WR,KC,244,100,-72.8062,49.5497,67.2375,5.2082,92.75
245,Kamar Aiken,WR,BAL,245,101,-72.8736,49.4823,68.1179,6.4497,77
246,Dion Sims,TE,MIA,246,50,-73.4177,29.0687,39.8252,2.1061,null
247,Devin Hester,WR,ATL,247,102,-73.5165,48.8394,77.7388,3.8238,null
248,Jonas Gray,RB,NE,248,68,-73.6178,53.3827,70.7494,5.6287,129.925
249,Justin Hunter,WR,TEN,249,103,-74.2178,48.1381,80.8026,7.2755,230
250,Tim Wright,TE,TB,250,51,-74.3956,28.0908,47.8014,6.2674,null
251,Robert Turbin,RB,SEA,251,69,-74.4837,52.5169,67.7661,2.4113,195.33
252,Justin Hardy,WR,ATL,252,104,-74.5137,47.8422,67.4857,2.9909,82.75
253,Jeremy Kerley,WR,NYJ,253,105,-74.9032,47.4527,61.442,2.6524,null
254,Jerricho Cotchery,WR,CAR,254,106,-75.0046,47.3513,65.9123,3.7468,null
255,Branden Oliver,RB,SD,255,70,-75.246,51.7545,75.9507,3.1992,181.33
256,Levine Toilolo,TE,ATL,256,52,-76.0611,26.4253,40.2719,3.5435,null
257,Marlon Brown,WR,BAL,257,107,-76.7899,45.566,69.7247,3.6682,139.5
258,Khiry Robinson,RB,NO,258,71,-78.2482,48.7524,78.5435,4.3355,200
259,Philly Brown,WR,CAR,259,108,-78.7354,43.6205,72.7427,5.8715,null
260,Pierre Thomas,RB,FA,260,72,-78.7786,48.2219,71.8125,6.0456,62
261,Anthony Fasano,TE,TEN,261,53,-79.485,23.0014,40.3211,3.1601,null
262,Antone Smith,RB,ATL,262,73,-79.7927,47.2079,67.5639,4.6621,80.5
263,Dexter McCluster,RB,TEN,263,74,-79.844,47.1566,66.8998,3.0808,null
264,Chris Polk,RB,HOU,264,75,-80.3025,46.698,77.0918,6.7385,132.25
265,Benny Cunningham,RB,STL,265,76,-80.502,46.4985,63.9183,2.8886,66
266,DeAnthony Thomas,WR,KC,266,77,-80.6357,46.3649,63.1232,2.7727,188.5
267,Daniel Fells,TE,NYG,267,54,-81.6636,20.8228,28.6992,3.0766,null
268,Hakeem Nicks,WR,TEN,268,109,-81.7783,40.5776,70.7853,6.5498,244
269,Bilal Powell,RB,NYJ,269,78,-81.9305,45.0701,64.5404,4.0247,102
270,Wes Welker,WR,FA,270,110,-82.3118,40.0441,63.1867,7.9251,115.5
271,Cameron Artis-Payne,RB,CAR,271,79,-82.6498,44.3508,65.2019,6.9321,106.405
272,Chris Matthews,WR,SEA,272,111,-82.8625,39.4934,67.112,5.9525,93.715
273,John Carlson,TE,FA,273,55,-83.1316,19.3548,47.4178,12.4065,null
274,Ray Rice,RB,FA,274,80,-83.1987,43.8019,67.8041,8.0377,171
275,Tyler Kroft,TE,CIN,275,56,-83.3567,19.1297,32.4087,2.4209,90.25
276,Ed Dickson,TE,CAR,276,57,-83.5491,18.9373,25.2586,3.6008,null
277,Brandon Myers,TE,TB,277,58,-83.5925,18.8938,28.1282,3.945,null
278,David Johnson,TE,SD,278,59,-83.8119,18.6744,33.2883,9.0115,null
279,Joseph Fauria,TE,DET,279,60,-84.1585,18.3279,32.2812,2.5516,null
280,Knowshon Moreno,RB,FA,280,81,-84.3195,42.6811,60.4136,7.1467,null
281,Brandon Pettigrew,TE,DET,281,61,-84.6548,17.8316,27.4505,3.5077,null
282,Tony Moeaki,TE,ATL,282,62,-84.8145,17.6719,34.5965,4.1534,null
283,Zach Miller,TE,FA,283,63,-84.9026,17.5838,36.8338,6.3544,null
284,Leonard Hankerson,WR,ATL,284,112,-85.1088,37.247,65.0518,5.8147,118.5
285,Marquess Wilson,WR,CHI,285,113,-85.6217,36.7342,64.9265,8.323,150.25
286,Mike Tolbert,RB,CAR,286,82,-85.8418,41.1588,61.4022,3.4419,null
287,Chase Ford,TE,MIN,287,64,-85.8949,16.5914,40.4795,14.3319,null
288,C.J. Fiedorowicz,TE,HOU,288,65,-86.0821,16.4043,25.6685,4.0806,null
289,Zac Stacy,RB,NYJ,289,83,-86.2751,40.7255,77.1265,5.38,285
290,Louis Murphy,WR,TB,290,114,-86.4106,35.9453,52.7994,3.5554,null
291,Bobby Rainey,RB,TB,291,84,-86.5203,40.4803,64.3991,5.0391,213
292,Gary Barnidge,TE,CLE,292,66,-86.5981,15.8883,21.5503,4.5404,null
293,Reggie Wayne,WR,FA,293,115,-87.4942,34.8617,51.1259,5.1464,118.5
294,MyCole Pruitt,TE,MIN,294,67,-87.6679,14.8185,24.4004,6.9687,54
295,Jesse James,TE,PIT,295,68,-87.6719,14.8144,26.4222,4.8162,105.8
296,Bruce Ellington,WR,SF,296,116,-87.7239,34.632,52.1726,4.4757,null
297,Toby Gerhart,RB,JAC,297,85,-87.868,39.1326,63.9224,2.8852,null
298,Chris Johnson,RB,FA,298,86,-88.3,38.7006,78.2106,6.6806,127
299,Ronnie Hillman,RB,DEN,299,87,-88.821,38.1795,63.6983,3.9108,203.5
300,Clay Harbor,TE,JAC,300,69,-88.8479,13.6384,26.8077,4.1295,null
301,Ryan Griffin,TE,HOU,301,70,-88.9652,13.5211,23.9307,1.6823,null
302,Darren Fells,TE,ARI,302,71,-89.1254,13.361,22.6896,3.5816,null
303,James Casey,TE,DEN,303,72,-89.1941,13.2923,19.8139,2.6909,null
304,Rhett Ellison,TE,MIN,304,73,-89.3245,13.1619,25.5021,3.1155,null
305,Sammie Coates,WR,PIT,305,117,-89.3324,33.0235,59.1279,6.0621,64
306,James Jones,WR,FA,306,118,-89.3476,33.0083,61.7946,5.6892,73.33
307,Matt Asiata,RB,MIN,307,88,-89.7765,37.2241,60.4539,3.1431,240.5
308,Zach Miller,TE,CHI,308,74,-90.1514,12.335,34.3738,7.927,null
309,Demetrius Harris,TE,KC,309,75,-90.3304,12.1559,19.7621,6.2708,null
310,James OShaughnessy,TE,KC,310,76,-90.5862,11.9002,20.2606,2.0119,null
311,Jacquizz Rodgers,RB,CHI,311,89,-90.8733,36.1273,62.8247,3.6677,71
312,Jack Doyle,TE,IND,312,77,-91.1188,11.3675,21.4541,8.1302,null
313,Brandon Coleman,WR,NO,313,119,-91.3454,31.0105,43.6283,5.8442,157
314,Damien Williams,RB,MIA,314,90,-91.7706,35.23,54.4066,4.0337,107.67
315,Jim Dray,TE,CLE,315,78,-91.8649,10.6215,25.2435,4.0348,null
316,Logan Paulsen,TE,WAS,316,79,-92.0441,10.4423,16.0337,3.4283,null
317,Geno Smith,QB,NYJ,317,29,-92.5293,157.7067,209.8228,7.0949,107.2
318,Matt Spaeth,TE,PIT,318,80,-92.8358,9.6506,15.2244,2.5617,null
319,Vance McDonald,TE,SF,319,81,-92.8618,9.6246,18.5872,3.25,null
320,MarQueis Gray,TE,BUF,320,82,-92.8788,9.6076,15.037,4.895,null
321,Jeff Heuerman,TE,DEN,321,83,-92.882,9.6043,22.2575,8.4922,64
322,Jeremy Ross,WR,DET,322,120,-93.0662,29.2897,47.6712,5.2921,null
323,Chris Gragg,TE,BUF,323,84,-93.4658,9.0206,21.2928,2.8641,null
324,Corey Fuller,WR,DET,324,121,-93.5749,28.781,44.7289,2.7188,null
325,Dante Rosario,TE,CHI,325,85,-93.6353,8.8511,15.266,2.9799,null
326,Marcel Reece,RB,OAK,326,91,-93.6654,33.3352,46.4857,2.6601,187
327,Christine Michael,RB,SEA,327,92,-93.6827,33.3179,48.4361,2.7615,155
328,Steven Jackson,RB,FA,328,93,-93.8298,33.1708,50.3013,5.9998,null
329,Trent Richardson,RB,OAK,329,94,-93.859,33.1416,58.0019,4.6112,174
330,Quinton Patton,WR,SF,330,122,-94.2577,28.0982,45.5778,2.7581,null
331,Cooper Helfet,TE,SEA,331,86,-94.6651,7.8213,15.7895,9.5344,null
332,Dri Archer,RB,PIT,332,123,-94.8059,27.55,38.9411,1.6947,156.5
333,Kennard Backman,TE,GB,333,87,-94.9432,7.5431,13.6565,3.3696,69
334,Chris Hogan,WR,BUF,334,124,-95.0208,27.3351,56.8688,6.2262,null
335,Craig Stevens,TE,TEN,335,88,-95.0781,7.4083,12.7572,1.5074,null
336,Randall Telfer,TE,CLE,336,89,-95.2952,7.1912,18.3466,1.6985,null
337,David Ausberry,TE,DET,337,90,-95.5467,6.9396,10.8602,1.3208,null
338,Paul Richardson,WR,SEA,338,125,-95.6268,26.7291,40.5447,3.8957,277
339,Preston Parker,WR,NYG,339,126,-96.3232,26.0327,42.2624,6.5483,null
340,Adrien Robinson,TE,NYG,340,91,-96.3478,6.1386,14.1391,3.2743,null
341,Blake Bell,TE,SF,341,92,-96.4244,6.062,9.5283,6.4903,null
342,Travaris Cadet,RB,NE,342,95,-96.4446,30.556,50.6439,3.208,99
343,James Hanna,TE,DAL,343,93,-96.4558,6.0305,8.0895,3.809,null
344,Jaron Brown,WR,ARI,344,127,-96.7586,25.5973,43.4285,2.0066,null
345,Nick OLeary,TE,BUF,345,94,-97.0406,5.4458,7.5748,5.9887,56
346,Gerell Robinson,TE,MIA,346,95,-97.0961,5.3902,11.4687,1.2315,null
347,Michael Hoomanawanui,TE,NE,347,96,-97.183,5.3034,8.0825,4.8191,null
348,Brandon Lloyd,WR,FA,348,128,-97.2059,25.15,27.3847,3.5527,null
349,Lee Smith,TE,OAK,349,97,-97.239,5.2473,10.4013,3.9045,null
350,Aaron Dobson,WR,NE,350,129,-97.3955,24.9604,54.9451,6.4114,85.75
351,Fred Davis,TE,NE,351,98,-97.4262,5.0602,8.8078,2.8953,null
352,Cory Harkey,TE,STL,352,99,-97.4288,5.0575,9.107,4.4055,null
353,Juwan Thompson,RB,DEN,353,96,-97.4341,29.5665,51.5589,6.88,54.5
354,Anthony McCoy,TE,SEA,354,100,-97.5492,4.9372,10.7937,3.3048,null
355,Vince Mayle,WR,CLE,355,130,-97.6438,24.712,70.3105,9.3417,69.5
356,KaDeem Carey,RB,CHI,356,97,-97.6901,29.3105,46.0167,2.5513,297
357,C.J. Uzomah,TE,CIN,357,101,-97.7841,4.7023,9.4323,5.601,null
358,Joseph Morgan,WR,NO,358,131,-98.162,24.1939,36.8977,3.0034,null
359,John Phillips,TE,SD,359,102,-98.2741,4.2122,6.7293,5.4494,null
360,Nick Boyle,TE,BAL,360,103,-98.3089,4.1774,13.0115,4.1133,null
361,Derek Carrier,TE,SF,361,104,-98.3318,4.1546,6.3815,3.9766,null
362,Nic Jacobs,TE,JAC,362,105,-98.3578,4.1286,7.9522,4.8455,null
363,Jonathan Grimes,RB,HOU,363,98,-98.4659,28.5347,42.8795,4.4043,50.5
364,Malcolm Johnson,TE,CLE,364,106,-98.4772,4.0092,6.7646,5.2799,null
365,Taylor Thompson,TE,TEN,365,107,-98.5322,3.9542,9.6308,4.9032,null
366,Gerald Christian,TE,ARI,366,108,-98.6021,3.8843,6.0917,4.6616,null
367,Luke Stocker,TE,TB,367,109,-98.6314,3.855,6.5906,4.306,null
368,Bear Pascoe,TE,CHI,368,110,-98.681,3.8053,6.2943,3.9098,null
369,Trey Burton,TE,PHI,369,111,-98.7624,3.724,5.5199,4.0821,null
370,Jason Avant,WR,KC,370,132,-98.7806,23.5753,42.7865,4.6465,67
371,Orson Charles,TE,NO,371,112,-98.849,3.6374,7.0051,4.416,null
372,Fozzy Whittaker,RB,CAR,372,99,-98.8554,28.1452,47.519,5.1744,77
373,Phillip Supernaw,TE,TEN,373,113,-98.9165,3.5698,8.3546,3.7464,null
374,Ben Koyack,TE,JAC,374,114,-99.0372,3.4492,7.6521,5.752,null
375,Michael Campanaro,WR,BAL,375,133,-99.0589,23.297,28.9612,3.0122,null
376,Brandon Williams,TE,CAR,376,115,-99.1308,3.3556,5.002,5.2167,null
377,Garrett Celek,TE,SF,377,116,-99.1548,3.3315,5.843,5.4686,null
378,Kellen Davis,TE,NYJ,378,117,-99.1784,3.308,6.065,4.6912,null
379,Ahmad Bradshaw,RB,FA,379,100,-99.2126,27.788,56.1337,6.1163,148.95
380,Rashad Greene,WR,JAC,380,134,-99.3317,23.0242,49.7901,4.2534,85.14
381,Ryan Hewitt,TE,CIN,381,118,-99.4498,3.0366,5.2148,6.3928,null
382,Chase Coffman,TE,FA,382,119,-99.5231,2.9633,5.4755,5.5796,null
383,Geoff Swaim,TE,DAL,383,120,-99.7207,2.7657,6.6487,6.041,null
384,Miles Austin,WR,PHI,384,135,-99.7668,22.5891,39.4841,4.3674,null
385,Rory Anderson,TE,SF,385,121,-99.8278,2.6586,3.6233,6.0659,null
386,Ryan Taylor,TE,KC,386,122,-99.95,2.5364,3.9474,5.56,null
387,Ty Montgomery,WR,GB,387,136,-100.0567,22.2992,44.5531,10.4771,88.14
388,Brandon Gibson,WR,NE,388,137,-100.1549,22.201,37.9623,3.1731,null
389,Josh Robinson,RB,IND,389,101,-100.1647,26.8359,39.4945,6.2903,62.61
390,Brian Leonhardt,TE,OAK,390,123,-100.1873,2.2991,5.6526,6.1932,null
391,Kevin Brock,TE,FA,391,124,-100.2718,2.2146,3.2836,7.0934,null
392,J.J. Nelson,WR,ARI,392,138,-100.2751,22.0808,41.7266,3.756,null
393,Brandon Bostick,TE,MIN,393,125,-100.2968,2.1896,3.8133,5.9608,null
394,A.J. Derby,TE,NE,394,126,-100.3606,2.1258,4.36,6.247,null
395,Arthur Lynch,TE,MIA,395,127,-100.884,1.6023,2.8914,7.1663,null
396,Joe Don Duncan,RB,DEN,396,128,-100.9663,1.5201,2.3468,6.7069,null
397,Richard Gordon,TE,KC,397,129,-101.0511,1.4353,2.6505,5.9826,null
398,Asante Cleveland,TE,SF,398,130,-101.0511,1.4352,2.6608,6.5668,null
399,Jeff Janis,WR,GB,399,139,-101.3892,20.9667,48.7474,4.6901,137.25
400,Terrelle Pryor,QB,CIN,400,140,-101.4209,20.935,23.8899,2.666,null
401,Terrelle Pryor,QB,CIN,400,140,-101.4209,20.935,23.8899,2.4171,null
402,Jordan Todman,RB,CAR,401,102,-101.4727,25.5279,50.7972,5.8066,null
403,Zach Sudfeld,TE,FA,402,131,-101.5993,0.8871,2.0646,5.9701,null
404,Josh McCown,QB,CLE,403,30,-101.6305,148.6055,188.9611,4.414,76.5
405,Wes Saxton,TE,NYJ,404,132,-101.6895,0.7969,1.6772,7.2183,null
406,Seantavius Jones,WR,NO,405,141,-101.7945,20.5614,32.146,4.5456,80
407,Kenny Bell,WR,TB,406,142,-101.8241,20.5318,35.1838,5.4386,71.64
408,Ted Ginn,WR,CAR,407,143,-101.9156,20.4403,30.4276,2.3825,null
409,Jerome Cunningham,TE,NYG,408,133,-102.1167,0.3697,0.7295,7.8263,null
410,Jeremy Langford,RB,CHI,409,103,-102.2162,24.7844,55.9882,5.5827,68.36
411,Kendall Hunter,RB,SF,410,104,-102.2545,24.7461,42.975,3.1834,97
412,Marcel Jensen,TE,DEN,411,134,-102.2554,0.231,0.4334,8.0994,null
413,Rob Blanchflower,TE,PIT,412,135,-102.3015,0.1848,0.3648,8.0535,55
414,Jermichael Finley,TE,FA,683,136,-102.4864,0,0,-0.5588,null
415,Michael Palmer,TE,FA,683,136,-102.4864,0,0,null,null
416,Fendi Onobun,TE,FA,683,136,-102.4864,0,0,null,null
417,Clark Harris,TE,CIN,683,136,-102.4864,0,0,null,null
418,Alex Smith,TE,FA,683,136,-102.4864,0,0,-0.9702,null
419,Alex Smith,TE,FA,683,136,-102.4864,0,0,-0.9702,null
420,Matthew Mulligan,TE,FA,683,136,-102.4864,0,0,null,null
421,Richie Brockel,TE,CAR,683,136,-102.4864,0,0,null,null
422,Brett Brackett,TE,FA,683,136,-102.4864,0,0,null,null
423,Evan Rodriguez,TE,TB,683,136,-102.4864,0,0,null,null
424,Nick Kasa,TE,FA,683,136,-102.4864,0,0,-0.886,null
425,Ifeanyi Momah,WR,ARI,683,136,-102.4864,0,0,null,null
426,Blake Annen,TE,CHI,683,136,-102.4864,0,0,null,null
427,Erik Swoope,TE,IND,683,136,-102.4864,0,0,null,null
428,Alex Bayer,TE,STL,683,136,-102.4864,0,0,null,null
429,Gator Hoskins,TE,FA,683,136,-102.4864,0,0,null,null
430,RaShaun Allen,TE,SEA,683,136,-102.4864,0,0,null,null
431,Beau Gardner,TE,ATL,683,136,-102.4864,0,0,null,null
432,E.J. Bibbs,TE,CLE,683,136,-102.4864,0,0,null,null
433,Travis Benjamin,WR,CLE,413,144,-103.0615,19.2944,39.9565,4.2359,null
434,Stepfan Taylor,RB,ARI,414,105,-103.3318,23.6688,41.4516,1.0397,null
435,Damaris Johnson,WR,HOU,415,145,-103.8683,18.4875,34.5309,3.9585,null
436,Devin Street,WR,DAL,416,146,-104.3491,18.0067,26.842,4.4748,null
437,Jamison Crowder,WR,WAS,417,147,-104.4136,17.9423,26.892,1.2073,108.8
438,Darrel Young,RB,WAS,418,106,-105.1613,21.8393,33.7246,2.1682,null
439,Jacoby Jones,WR,SD,419,148,-105.2193,17.1366,36.9927,4.2896,null
440,Kerwynn Williams,RB,ARI,420,107,-105.2246,21.776,41.7782,1.4997,null
441,Lance Moore,WR,DET,421,149,-105.2565,17.0994,36.1925,6.0319,114
442,Ricardo Lockette,WR,SEA,422,150,-105.3731,16.9828,39.2996,7.2823,null
443,Dri Archer,RB,PIT,423,108,-105.4491,21.5515,38.9411,2.6739,156.5
444,Dontrelle Inman,WR,SD,424,151,-105.6143,16.7416,33.6696,9.1581,97
445,Donald Brown,RB,SD,425,109,-105.6695,21.3311,46.416,3.5152,null
446,Silas Redd,RB,WAS,426,110,-105.8142,21.1864,40.9741,10.9869,82
447,Chris Givens,WR,STL,427,152,-105.8451,16.5108,28.3904,3.6904,null
448,Denarius Moore,WR,CIN,428,153,-106.2968,16.0591,34.5353,5.388,null
449,Jerome Simpson,WR,SF,429,154,-106.4431,15.9128,35.1876,2.4385,null
450,Donnie Avery,WR,FA,430,155,-106.7832,15.5727,23.8052,2.9727,null
451,David Nelson,WR,FA,431,156,-107.0559,15.3,11.0282,3.088,null
452,Brandon Bolden,RB,NE,432,111,-107.3536,19.647,41.7128,4.5094,null
453,Kenbrell Thompkins,WR,OAK,433,157,-107.3985,14.9574,24.3329,3.8802,null
454,Peyton Hillis,RB,FA,434,112,-107.4506,19.55,20.2385,2.9714,null
455,Stefon Diggs,WR,MIN,435,158,-107.5638,14.7921,22.8262,1.9786,86.73
456,Rishard Matthews,WR,MIA,436,159,-107.5983,14.7576,28.3172,5.0185,null
457,Ben Tate,RB,FA,437,113,-107.6396,19.361,35.2343,4.1879,null
458,Karlos Williams,RB,BUF,438,114,-107.7232,19.2774,30.941,5.6479,103.45
459,T.J. Jones,WR,DET,439,160,-108.0459,14.31,22.0918,4.3387,null
460,Andre Caldwell,WR,DEN,440,161,-108.3601,13.9958,27.3627,1.9409,null
461,Brice Butler,WR,OAK,441,162,-108.7438,13.6121,24.8556,2.754,null
462,Mike Davis,RB,SF,442,115,-109.0055,17.9951,45.7405,5.8563,61.67
463,Ryan Grant,WR,WAS,443,163,-109.1251,13.2308,32.2422,2.7893,null
464,Austin Pettis,WR,SD,444,164,-109.5003,12.8555,18.9554,4.4039,null
465,Anthony Dixon,RB,BUF,445,116,-109.6375,17.3631,31.9421,5.5181,null
466,Jerrel Jernigan,WR,FA,446,165,-109.7052,12.6507,19.1736,1.8669,null
467,Corey Washington,WR,NYG,447,166,-109.7147,12.6412,35.8358,4.9088,null
468,Jarrett Boykin,WR,CAR,448,167,-109.87,12.4859,23.242,7.7237,null
469,Antonio Andrews,RB,TEN,449,117,-109.918,17.0826,40.0576,4.9438,49
470,Greg Little,WR,FA,450,168,-109.949,12.4068,23.654,2.1461,null
471,Dane Sanzenbacher,WR,FA,451,169,-110.1559,12.2,8.7937,3.6096,null
472,Duron Carter,WR,IND,452,170,-110.1866,12.1693,26.2252,11.8969,102
473,Brandon Tate,WR,CIN,453,171,-110.358,11.9979,21.4645,3.5506,null
474,Ace Sanders,WR,JAC,454,172,-110.544,11.8119,21.8528,4.5356,null
475,Derek Hagan,WR,FA,455,173,-110.7735,11.5823,14.4373,1.0991,null
476,Darren Waller,WR,BAL,456,174,-110.9221,11.4338,15.7468,5.321,60
477,Marquise Goodwin,WR,BUF,457,175,-111.0786,11.2773,22.0865,3.4239,null
478,Dwayne Harris,WR,NYG,458,176,-111.1517,11.2042,20.8604,3.566,null
479,John Kuhn,RB,GB,459,118,-111.1689,15.8317,20.905,4.4323,null
480,Kyle Juszczyk,RB,BAL,460,119,-111.3072,15.6934,21.5705,5.0346,null
481,Bruce Miller,RB,SF,461,120,-111.312,15.6886,26.3583,2.9515,null
482,Vick Ballard,RB,IND,462,121,-111.3294,15.6712,35.1781,4.6814,135.33
483,Dion Lewis,RB,NE,463,122,-111.4262,15.5744,30.8775,3.774,null
484,Shonn Greene,RB,FA,464,123,-111.4567,15.5439,31.555,4.544,null
485,Leon Washington,RB,FA,465,124,-111.4984,15.5022,16.5426,2.9668,null
486,Bernard Pierce,RB,JAC,466,125,-111.8182,15.1824,33.1249,7.0798,94
487,Damian Williams,WR,STL,467,177,-111.8765,10.4794,21.6142,1.7633,null
488,Brenton Bersin,WR,CAR,468,178,-112.0443,10.3116,26.1039,2.0257,null
489,Kenny Hilliard,RB,HOU,469,126,-112.0524,14.9482,18.7114,7.1027,102
490,DeAndre Smelter,WR,SF,470,179,-112.3255,10.0304,13.2907,2.3586,77.85
491,Tommy Streeter,WR,MIA,471,180,-112.4787,9.8772,20.1125,3.4649,null
492,Eric Weems,WR,ATL,472,181,-112.7644,9.5915,13.8795,4.2037,null
493,Daniel Thomas,RB,FA,473,127,-113.1586,13.842,26.9513,2.6985,null
494,Zurlon Tipton,RB,IND,474,128,-113.1653,13.8353,27.7446,0.6835,null
495,Santonio Holmes,WR,FA,475,182,-113.1916,9.1643,13.8667,3.4613,null
496,Santana Moss,WR,FA,476,183,-113.2559,9.1,9.3174,4.1203,null
497,Kevin Norwood,WR,SEA,477,184,-113.3247,9.0312,10.323,5.5999,null
498,Greg Salas,WR,DET,478,185,-113.5927,8.7632,15.1848,4.0613,null
499,Junior Hemingway,WR,KC,479,186,-113.6515,8.7044,14.8511,3.5944,null
500,Thomas Rawls,RB,SEA,480,129,-113.7238,13.2768,32.796,10.4827,81.33
501,Bryce Brown,RB,BUF,481,130,-113.7425,13.2581,29.9502,4.4462,null
502,Robert Herron,WR,TB,482,187,-114.0977,8.2582,16.7056,2.6857,null
503,Neal Sterling,WR,JAC,483,188,-114.323,8.0329,12.7392,3.9743,null
504,Vincent Brown,WR,IND,484,189,-114.3652,7.9907,16.6532,3.2686,null
505,Marion Grice,RB,ARI,485,131,-114.4435,12.5571,20.4039,2.1421,null
506,Evan Spencer,WR,WAS,486,190,-114.5031,7.8528,14.5056,5.9705,null
507,Tre McBride,WR,TEN,487,191,-114.6627,7.6932,15.6736,4.1763,102.43
508,Joe McKnight,RB,FA,488,132,-114.7006,12.3,8.8658,4.4189,null
509,Adam Thielen,WR,MIN,489,192,-114.8163,7.5396,10.3457,4.0746,null
510,Keith Mumphery,WR,HOU,490,193,-114.8367,7.5192,15.0587,2.7982,null
511,Jordan Taylor,WR,DEN,491,194,-115.0664,7.2895,14.6969,3.0777,null
512,Mario Alford,WR,CIN,492,195,-115.368,6.9879,12.7646,4.5083,null
513,Griff Whalen,WR,IND,493,196,-115.5967,6.7592,9.2703,3.2902,null
514,Josh Morgan,WR,NO,494,197,-115.8481,6.5078,8.2809,3.7416,null
515,T.J. Graham,WR,NYJ,495,198,-116.0078,6.3481,10.6456,4.4128,null
516,Anthony Sherman,RB,KC,496,133,-116.0512,10.9494,14.1187,4.4196,null
517,Darrius Heyward-Bey,WR,PIT,497,199,-116.1405,6.2154,16.0536,5.1424,null
518,Fitzgerald Toussaint,RB,BAL,498,134,-116.1441,10.8564,23.1227,4.8848,null
519,Jalston Fowler,RB,TEN,499,135,-116.2118,10.7888,19.7309,3.8669,null
520,Rex Burkhead,RB,CIN,500,136,-116.231,10.7696,19.751,4.9201,null
521,Jalen Saunders,WR,NO,501,200,-116.3059,6.05,14.186,3.8944,null
522,Ryan Broyles,WR,DET,502,201,-116.4572,5.8987,8.6576,4.6694,null
523,Jonathan Dwyer,RB,FA,503,137,-116.5006,10.5,7.5683,4.2687,null
524,Chris Owusu,WR,NYJ,504,202,-116.5019,5.854,9.9118,6.1991,null
525,Michael Dyer,RB,OAK,505,138,-116.5116,10.489,20.2847,2.076,55.6
526,Justin Blackmon,WR,JAC,506,203,-116.5451,5.8108,11.7955,3.3347,187.67
527,Russell Shepard,WR,TB,507,204,-116.5816,5.7743,12.1715,3.5004,null
528,Jared Abbrederis,WR,GB,508,205,-116.6196,5.7363,13.1462,6.0434,89
529,Robert Meachem,WR,FA,509,206,-116.6448,5.7111,8.6079,4.4143,null
530,Josh Boyce,WR,NE,510,207,-116.759,5.5969,10.0962,5.2816,null
531,Geremy Davis,WR,NYG,511,208,-117.0405,5.3154,8.5193,6.4526,null
532,A.J. Jenkins,WR,DAL,512,209,-117.0929,5.2629,9.6588,4.587,null
533,Keshawn Martin,WR,HOU,513,210,-117.1408,5.2151,8.7535,4.0316,null
534,Tavarres King,WR,TB,514,211,-117.5081,4.8478,7.5865,4.73,null
535,Joe Banyard,RB,MIN,515,139,-117.5297,9.4709,20.0946,3.0399,null
536,Chris Thompson,RB,WAS,516,140,-117.6056,9.395,15.4981,4.0317,null
537,Brian Tyms,WR,NE,517,212,-117.6378,4.7181,10.9235,10.2243,null
538,Justin Brown,WR,BUF,518,213,-117.6748,4.6811,7.8481,4.1106,null
539,Tandon Doss,WR,JAC,519,214,-117.6873,4.6686,9.1463,4.786,null
540,Mike James,RB,TB,520,141,-117.7462,9.2544,17.8693,4.6328,null
541,Marcus Easley,WR,BUF,521,215,-117.843,4.5129,8.978,5.9912,null
542,Aldrick Robinson,WR,BAL,522,216,-117.9424,4.4135,7.2256,6.0028,null
543,Bud Sasser,WR,FA,523,217,-117.9912,4.3647,9.1374,5.3164,null
544,Derrick Coleman,RB,SEA,524,142,-118.0114,8.9892,11.4559,4.3415,null
545,Storm Johnson,RB,JAC,525,143,-118.0984,8.9022,25.3482,2.8268,null
546,DuJuan Harris,RB,MIN,526,144,-118.1515,8.8491,15.175,3.632,null
547,Kaelin Clay,WR,TB,527,218,-118.2598,4.0961,7.8564,6.7043,null
548,LaMichael James,RB,MIA,528,145,-118.2941,8.7065,21.4444,4.6669,null
549,Dezmin Lewis,WR,BUF,529,219,-118.443,3.9129,7.7591,7.6671,null
550,Josh Harris,RB,PIT,530,146,-118.4798,8.5208,20.7127,3.7007,null
551,Erik Lorig,RB,NO,531,147,-118.5123,8.4883,18.344,3.0973,null
552,Lache Seastrunk,RB,DAL,532,148,-118.7736,8.227,16.8278,4.3759,53
553,Jeff Maehl,WR,PHI,533,220,-118.7854,3.5705,5.6753,7.0191,null
554,Kris Durham,WR,OAK,534,221,-118.9359,3.42,6.6211,6.6952,null
555,DeVier Posey,WR,NYJ,535,222,-119.0371,3.3188,7.4332,9.9223,null
556,Walt Powell,WR,NYJ,536,223,-119.1376,3.2183,5.0086,6.2127,null
557,Saalim Hakim,WR,NYJ,537,224,-119.2146,3.1413,5.8017,5.9901,42
558,Marlon Moore,WR,CLE,538,225,-119.2547,3.1012,7.4139,6.675,null
559,Frankie Hammond,WR,KC,539,226,-119.2561,3.0998,5.9683,6.0148,null
560,James Wright,WR,CIN,540,227,-119.2814,3.0745,7.0404,4.3859,null
561,Ryan Williams,RB,DAL,541,149,-119.4118,7.5888,19.0237,2.9683,null
562,Marc Mariani,WR,CHI,542,228,-119.4396,2.9163,6.511,6.9482,null
563,Andre Debose,WR,FA,543,229,-119.5335,2.8224,6.969,6.6597,null
564,Kevin Ogletree,WR,FA,544,230,-119.589,2.7669,5.3008,5.128,null
565,Shaq Evans,WR,NYJ,545,231,-119.6139,2.742,5.7174,5.0769,null
566,Seyi Ajirotutu,WR,PHI,546,232,-119.7285,2.6274,4.0099,5.6561,null
567,Patrick DiMarco,RB,ATL,547,150,-119.7744,7.2262,15.518,4.5647,null
568,Isaiah Burse,WR,DEN,548,233,-119.8162,2.5397,6.1708,7.4259,null
569,Deonte Thompson,WR,BUF,549,234,-119.854,2.5019,3.8913,6.9499,null
570,Kevin Dorsey,WR,NE,550,235,-119.9118,2.4441,3.8038,6.9652,null
571,Isaiah Pead,RB,FA,551,151,-119.924,7.0766,13.4148,3.3958,null
572,LaRon Byrd,WR,MIA,552,236,-119.9673,2.3886,4.2827,6.9303,null
573,Ronnie Brown,RB,FA,553,152,-120.0522,6.9483,7.9579,6.3759,null
574,Josh Harper,WR,OAK,554,237,-120.1456,2.2103,3.4639,7.3211,null
575,George Winn,RB,DET,555,153,-120.2606,6.74,7.6629,2.9211,null
576,John Crockett,RB,GB,556,154,-120.2946,6.706,13.7297,10.3696,60.67
577,Jay Prosch,RB,HOU,557,155,-120.3254,6.6752,14.1514,4.5555,null
578,Orleans Darkwa,RB,NYG,558,156,-120.4793,6.5213,11.8208,6.6114,null
579,Henry Hynoski,RB,NYG,559,157,-120.5895,6.4111,12.9636,4.1548,null
580,Zach Line,RB,MIN,560,158,-120.6336,6.367,10.6516,2.8541,null
581,DaRon Brown,WR,KC,561,238,-120.6584,1.6975,3.3991,7.6476,null
582,Jorvorskie Lane,RB,TB,562,159,-120.6955,6.3051,16.4488,3.9164,null
583,Matt Hazel,WR,MIA,563,239,-120.6957,1.6602,3.4942,7.3353,null
584,DeAndre Carter,WR,BAL,564,240,-120.7289,1.627,2.9846,6.1881,null
585,Rodney Smith,WR,CLE,565,241,-120.767,1.5889,2.9456,7.6217,null
586,Josh Bellamy,WR,CHI,566,242,-120.815,1.5409,3.1385,7.3377,null
587,Mike Brown,WR,CAR,567,243,-120.955,1.4008,2.4552,7.9432,null
588,Jeremy Butler,WR,BAL,568,244,-121.0122,1.3437,2.0878,8.2228,null
589,Titus Davis,WR,SD,569,245,-121.0941,1.2618,2.6556,7.8167,61.33
590,Cedric Peerman,RB,CIN,570,160,-121.1315,5.8691,9.5622,3.897,null
591,Bryan Walters,WR,JAC,571,246,-121.1937,1.1621,1.8187,8.2357,null
592,Edwin Baker,RB,NO,572,161,-121.2149,5.7856,13.2208,4.7506,null
593,James Develin,RB,NE,573,162,-121.2829,5.7177,8.2424,5.5261,null
594,Jerome Felton,RB,BUF,574,163,-121.4759,5.5247,10.5708,3.3063,null
595,DaVaris Daniels,WR,MIN,575,247,-121.5003,0.8556,1.7268,8.3614,null
596,Tony Lippett,WR,MIA,576,248,-121.559,0.7969,1.4619,8.4998,null
597,Will Johnson,RB,PIT,577,164,-121.6073,5.3933,8.7636,4.488,null
598,Jed Collins,RB,FA,578,165,-121.6267,5.3738,9.899,3.9978,null
599,Trey Watts,RB,STL,579,166,-121.6537,5.3469,10.8363,4.2237,null
600,Tommy Bohanon,RB,NYJ,580,167,-121.7041,5.2965,10.5482,4.8639,null
601,Rajion Neal,RB,GB,581,168,-121.7531,5.2475,11.8883,5.3525,null
602,Arrelious Benn,WR,JAC,582,249,-121.8,0.5559,1.8991,7.6768,null
603,Matthew Slater,WR,NE,583,250,-121.8014,0.5545,0.9805,8.7943,null
604,Marcus Harris,WR,NYG,584,251,-121.8017,0.5542,1.2154,8.6328,null
605,Robert Hughes,RB,ARI,585,169,-121.8036,5.197,8.1445,6.7154,null
606,Cyrus Gray,RB,KC,586,170,-121.8074,5.1932,9.225,6.1527,null
607,Mike Gillislee,RB,MIA,587,171,-121.9096,5.091,9.8624,4.2581,null
608,Michael Burton,RB,DET,588,172,-122.1447,4.8559,6.3489,5.3499,null
609,Tyler Gaffney,RB,NE,589,173,-122.1744,4.8262,10.7024,3.7232,70
610,Jacoby Ford,WR,TEN,590,252,-122.2076,0.1482,0.2325,6.5481,null
611,George Farmer,WR,DAL,591,253,-122.2565,0.0994,0.1598,9.2428,null
612,Tyler Clutts,RB,DAL,592,174,-122.2622,4.7384,9.6228,2.9513,null
613,Marcus Thigpen,RB,BUF,593,175,-122.2966,4.704,2.8364,7.3558,null
614,Mario Manningham,WR,FA,683,254,-122.3559,0,0,-0.8243,null
615,Tiquan Underwood,WR,FA,683,254,-122.3559,0,0,-1.0237,null
616,Trindon Holliday,WR,OAK,683,254,-122.3559,0,0,null,null
617,Danario Alexander,WR,FA,683,254,-122.3559,0,0,-0.863,null
618,Kassim Osgood,WR,FA,683,254,-122.3559,0,0,null,null
619,Josh Cribbs,WR,FA,683,254,-122.3559,0,0,-0.9018,null
620,Micheal Spurlock,WR,FA,683,254,-122.3559,0,0,null,null
621,Brad Smith,WR,FA,683,254,-122.3559,0,0,null,null
622,Marcus Thigpen,RB,BUF,683,254,-122.3559,0,2.8364,7.7005,null
623,Drew Davis,WR,FA,683,254,-122.3559,0,0,null,null
624,Juron Criner,WR,NYG,683,254,-122.3559,0,0,-0.6636,null
625,Stephen Hill,WR,CAR,683,254,-122.3559,0,0,-0.4033,null
626,Julian Talley,WR,NYG,683,254,-122.3559,0,0,null,null
627,Phil Bates,WR,FA,683,254,-122.3559,0,0,null,null
628,Josh Gordon,WR,CLE,683,254,-122.3559,0,0,-0.8852,184.75
629,Cobi Hamilton,WR,CIN,683,254,-122.3559,0,0,null,null
630,Chris Harper,WR,NYG,683,254,-122.3559,0,0,null,null
631,DaRick Rogers,WR,FA,683,254,-122.3559,0,0,null,null
632,Alan Bonner,WR,HOU,683,254,-122.3559,0,0,null,null
633,Ifeanyi Momah,WR,ARI,683,254,-122.3559,0,0,null,null
634,Tevin Reese,WR,CIN,683,254,-122.3559,0,0,null,null
635,Jeremy Gallon,WR,OAK,683,254,-122.3559,0,0,null,null
636,Quincy Enunwa,WR,NYJ,683,254,-122.3559,0,0,null,null
637,Bennie Fowler,WR,DEN,683,254,-122.3559,0,0,null,null
638,Freddie Martino,WR,ATL,683,254,-122.3559,0,0,null,null
639,Tony Washington,WR,FA,683,254,-122.3559,0,0,null,null
640,Solomon Patton,WR,DEN,683,254,-122.3559,0,0,null,null
641,Nathan Slaughter,WR,FA,683,254,-122.3559,0,0,null,null
642,Dres Anderson,WR,SF,683,254,-122.3559,0,0,null,null
643,Ezell Ruffin,WR,IND,683,254,-122.3559,0,0,null,null
644,DeAndrew White,WR,SF,683,254,-122.3559,0,0,null,null
645,Darius Davis,WR,SF,683,254,-122.3559,0,0,null,null
646,Ricky Collins,WR,GB,683,254,-122.3559,0,0,null,null
647,Adrian Coxson,WR,GB,683,254,-122.3559,0,0,null,null
648,Antwan Goodley,WR,DAL,683,254,-122.3559,0,0,null,null
649,Deontay Greenberry,WR,DAL,683,254,-122.3559,0,0,null,null
650,Vernon Johnson,WR,DET,683,254,-122.3559,0,0,null,null
651,Levi Norwood,WR,CHI,683,254,-122.3559,0,0,null,null
652,Jaxon Shipley,WR,FA,683,254,-122.3559,0,0,null,null
653,Cam Worthy,WR,BAL,683,254,-122.3559,0,0,null,null
654,Damarr Aultman,WR,MIA,683,254,-122.3559,0,0,null,null
655,Devin Gardner,WR,PIT,683,254,-122.3559,0,0,null,null
656,Jordan Leslie,WR,MIN,683,254,-122.3559,0,0,null,null
657,Gavin Lutman,WR,MIN,683,254,-122.3559,0,0,null,null
658,Rasheed Bailey,WR,PHI,683,254,-122.3559,0,0,null,null
659,Devante Davis,WR,PHI,683,254,-122.3559,0,0,null,61.33
660,Rannell Hall,WR,TB,683,254,-122.3559,0,0,null,null
661,R.J. Harris,WR,NO,683,254,-122.3559,0,0,null,null
662,Deon Long,WR,TEN,683,254,-122.3559,0,0,null,null
663,Austin Hill,WR,FA,683,254,-122.3559,0,0,null,null
664,Tyrell Williams,WR,SD,683,254,-122.3559,0,0,null,null
665,Marcus Murphy,RB,NO,594,176,-122.458,4.5426,10.0818,5.9043,43
666,Spencer Ware,RB,KC,595,177,-122.6774,4.3232,6.7794,5.2581,null
667,Zach Zenner,RB,DET,596,178,-122.6838,4.3168,10.029,3.9567,91.22
668,Jackie Battle,RB,FA,597,179,-122.6841,4.3165,6.7159,5.5529,null
669,Alfonso Smith,RB,FA,598,180,-122.8393,4.1613,5.3832,6.8514,null
670,Malcolm Johnson,TE,CLE,599,181,-122.8606,4.14,6.7646,6.4202,null
671,Shaun Draughn,RB,CLE,600,182,-123.0498,3.9508,10.4024,4.3507,null
672,Charcandrick West,RB,KC,601,183,-123.2539,3.7467,5.2628,7.3216,null
673,Jerome Smith,RB,ATL,602,184,-123.8637,3.1369,7.1483,12.9606,null
674,Michael Cox,RB,FA,603,185,-123.979,3.0216,4.7286,6.2861,null
675,Ray Agnew,RB,DAL,604,186,-123.9838,3.0167,5.5928,5.9473,null
676,Taiwan Jones,RB,OAK,605,187,-124.1821,2.8185,6.1363,5.6853,null
677,Daryl Richardson,RB,NYJ,606,188,-124.275,2.7256,6.8203,5.0395,null
678,Darrin Reaves,RB,CAR,607,189,-124.3587,2.6419,6.4448,6.7248,null
679,Tim Hightower,RB,NO,608,190,-124.829,2.1716,4.3643,7.0422,null
680,Kiero Small,RB,BAL,609,191,-124.9384,2.0622,4.4352,6.5542,null
681,Jeremy Stewart,RB,DEN,610,192,-124.939,2.0616,3.6979,5.1288,null
682,Malcolm Brown,RB,STL,611,193,-124.9992,2.0014,4.0098,7.3111,66.5
683,John Conner,RB,BUF,612,194,-125.1324,1.8682,3.4704,7.4126,null
684,Matthew Tucker,RB,PHI,613,195,-125.1817,1.8188,4.1905,6.9303,null
685,Austin Johnson,RB,NO,614,196,-125.4052,1.5953,2.8464,7.46,null
686,Senorise Perry,RB,CHI,615,197,-125.5197,1.4809,2.9795,7.4452,null
687,Jamize Olawale,RB,OAK,616,198,-125.8831,1.1174,2.0442,7.6216,null
688,Corey Grant,RB,JAC,617,199,-125.9747,1.0259,1.6344,7.9086,null
689,Trey Williams,RB,WAS,618,200,-126.1806,0.82,1.4697,8.0611,81
690,Joey Iosefa,RB,TB,619,201,-126.3697,0.6309,0.9873,8.2583,null
691,Kenjon Barner,RB,PHI,620,202,-126.3766,0.624,1.2805,5.0932,58
692,Aaron Ripkowski,RB,GB,621,203,-126.4771,0.5235,0.9777,8.4055,null
693,Glenn Winston,RB,CLE,622,204,-126.5953,0.4053,0.6175,8.5671,null
694,Terrence Magee,RB,BAL,623,205,-126.6041,0.3965,0.7192,8.4242,85
695,James Wilder,RB,CIN,624,206,-126.8121,0.1885,0.3674,8.5993,null
696,Will Tukuafu,RB,SEA,625,207,-126.8346,0.166,0.3494,8.6047,null
697,Chase Reynolds,RB,STL,626,208,-126.8543,0.1463,0.2951,8.6388,null
698,BenJarvus Green-Ellis,RB,FA,683,209,-127.0006,0,0,-1.0483,69
699,Chris Ogbonnaya,RB,FA,683,209,-127.0006,0,0,-0.9407,null
700,Frank Summers,RB,FA,683,209,-127.0006,0,0,-1.0653,null
701,Deji Karim,RB,FA,683,209,-127.0006,0,0,null,null
702,Mikel Leshoure,RB,FA,683,209,-127.0006,0,0,-0.8161,null
703,Brian Leonard,RB,FA,683,209,-127.0006,0,0,null,null
704,Maurice Jones-Drew,RB,FA,683,209,-127.0006,0,0,-0.5272,null
705,Montell Owens,RB,FA,683,209,-127.0006,0,0,null,null
706,Michael Bush,RB,FA,683,209,-127.0006,0,0,-0.9973,null
707,Will Taufoou,RB,JAC,683,209,-127.0006,0,0,null,null
708,Andre Brown,RB,FA,683,209,-127.0006,0,0,-0.4423,null
709,Phillip Tanner,RB,FA,683,209,-127.0006,0,0,null,null
710,Bradie Ewing,RB,FA,683,209,-127.0006,0,0,-0.8444,null
711,Mike Zimmer,RB,MIN,683,209,-127.0006,0,0,null,null
712,Michael Hill,RB,WAS,683,209,-127.0006,0,0,null,null
713,Terrance Cobb,RB,OAK,683,209,-127.0006,0,0,null,null
714,George Atkinson,RB,OAK,683,209,-127.0006,0,0,null,78
715,Kapri Bibbs,RB,FA,683,209,-127.0006,0,0,null,null
716,Henry Josey,RB,FA,683,209,-127.0006,0,0,null,null
717,Tyler Varga,RB,IND,683,209,-127.0006,0,0,null,null
718,Terrell Watson,RB,CIN,683,209,-127.0006,0,0,null,66
719,Rasheed Williams,RB,DET,683,209,-127.0006,0,0,null,null
720,Akeem Hunt,RB,NYG,683,209,-127.0006,0,0,null,null
721,Dominique Brown,RB,TB,683,209,-127.0006,0,0,null,null
722,Ross Scheuerman,WR,PIT,683,209,-127.0006,0,0,null,null
723,Synjyn Days,RB,FA,683,209,-127.0006,0,0,null,null
724,Dreamius Smith,RB,SD,683,209,-127.0006,0,0,null,60
725,Jahwan Edwards,RB,SD,683,209,-127.0006,0,0,null,null
726,Brian Hoyer,QB,HOU,627,31,-129.7319,120.5042,165.2819,6.0091,92
727,Matt Cassel,QB,BUF,628,32,-133.2918,116.9442,180.6843,9.8379,128.33
728,Ryan Fitzpatrick,QB,NYJ,629,33,-190.1467,60.0893,130.7941,6.9209,120
729,EJ Manuel,QB,BUF,630,34,-192.2904,57.9456,115.9238,9.5907,null
730,Ryan Mallett,QB,HOU,631,35,-197.6186,52.6175,79.9465,5.7744,78.5
731,Jimmy Garoppolo,QB,NE,632,36,-201.4366,48.7995,63.3669,2.7046,103.2
732,Tyrod Taylor,QB,BUF,633,37,-206.6053,43.6308,89.7321,6.1379,74.67
733,Mark Sanchez,QB,PHI,634,38,-210.3528,39.8832,75.9701,4.7782,68
734,Johnny Manziel,QB,CLE,635,39,-212.6167,37.6194,63.0913,6.2645,207.33
735,Kyle Orton,QB,FA,636,40,-223.7607,26.4754,33.0013,4.1727,null
736,Michael Vick,QB,FA,637,41,-229.4276,20.8085,25.9376,3.1881,null
737,Kirk Cousins,QB,WAS,638,42,-230.2497,19.9863,31.0661,3.1101,null
738,Zach Mettenberger,QB,TEN,639,43,-234.5593,15.6767,33.3191,5.2654,null
739,Drew Stanton,QB,ARI,640,44,-236.0926,14.1435,20.1771,3.0843,null
740,Chad Henne,QB,JAC,641,45,-238.1407,12.0953,21.3234,2.8277,null
741,Mike Glennon,QB,TB,642,46,-238.9566,11.2794,21.5866,2.9916,null
742,Shaun Hill,QB,MIN,643,47,-239.2416,10.9944,23.4203,5.3365,null
743,Derek Anderson,QB,CAR,644,48,-239.5594,10.6766,23.6774,3.0028,null
744,Jimmy Clausen,QB,CHI,645,49,-239.8989,10.3371,16.63,2.87,66
745,Austin Davis,QB,STL,646,50,-240.0841,10.1519,10.8961,2.3228,null
746,Colt McCoy,QB,WAS,647,51,-240.0917,10.1443,18.5364,5.9152,null
747,Tim Tebow,QB,PHI,648,52,-240.1732,10.0628,22.0056,7.7739,76
748,Matt Flynn,QB,NE,649,53,-240.4673,9.7688,22.7209,2.6931,null
749,Brandon Weeden,QB,DAL,650,54,-240.4923,9.7437,17.5256,4.236,null
750,Bryce Petty,QB,NYJ,651,55,-241.2816,8.9544,20.6614,4.5192,95.25
751,Case Keenum,QB,STL,652,56,-241.5117,8.7244,18.0359,13.2684,null
752,Charlie Whitehurst,QB,TEN,653,57,-242.2438,7.9923,16.2979,2.9055,null
753,Blaine Gabbert,QB,SF,654,58,-242.4375,7.7985,10.8665,5.4835,null
754,Matt Hasselbeck,QB,IND,655,59,-242.6415,7.5945,12.7517,2.3087,null
755,Brock Osweiler,QB,DEN,656,60,-242.9204,7.3157,19.8141,3.2714,116.33
756,Tom Savage,QB,HOU,657,61,-243.4348,6.8013,20.756,5.9446,null
757,Chase Daniel,QB,KC,658,62,-243.7136,6.5224,11.1403,4.057,null
758,Scott Tolzien,QB,GB,659,63,-243.9613,6.2747,12.7033,6.896,null
759,Matt McGloin,QB,OAK,660,64,-244.2118,6.0242,10.2496,4.2954,null
760,B.J. Daniels,WR,SEA,661,65,-244.4932,5.7428,8.893,3.1198,null
761,Bruce Gradkowski,QB,PIT,662,66,-245.0722,5.1638,9.8318,3.564,null
762,Christian Ponder,QB,OAK,663,67,-245.1305,5.1055,12.3626,5.9643,null
763,Matt Barkley,QB,PHI,664,68,-245.1966,5.0394,15.9973,3.4475,null
764,Kellen Moore,QB,DET,665,69,-246.0134,4.2226,7.8284,3.5807,null
765,Kellen Clemens,QB,SD,666,70,-246.2753,3.9607,6.1744,3.4258,null
766,Garrett Grayson,QB,NO,667,71,-246.3786,3.8575,9.7203,9.9497,81.56
767,Ryan Nassib,QB,NYG,668,72,-246.3891,3.847,10.7491,3.9549,null
768,Matt Schaub,QB,BAL,669,73,-246.7284,3.5076,9.7681,3.3432,null
769,Thad Lewis,QB,CLE,670,74,-246.8522,3.3839,5.9158,4.2927,null
770,Logan Thomas,QB,ARI,671,75,-247.3835,2.8525,5.7934,5.9701,null
771,Tarvaris Jackson,QB,SEA,672,76,-247.5147,2.7213,8.2528,3.8072,null
772,T.J. Yates,QB,ATL,673,77,-247.5418,2.6942,5.7354,4.3312,null
773,Matt Moore,QB,MIA,674,78,-247.5758,2.6602,7.248,3.7922,null
774,Luke McCown,QB,NO,675,79,-247.6381,2.5979,6.6406,3.6433,126
775,AJ McCarron,QB,CIN,676,80,-247.8569,2.3791,5.1994,4.2107,null
776,Dan Orlovsky,QB,DET,677,81,-247.9639,2.2722,7.1876,3.5127,null
777,Brett Hundley,QB,GB,678,82,-248.1949,2.0411,5.0069,6.3867,62.33
778,Sean Mannion,QB,STL,679,83,-248.2541,1.9819,5.0117,6.6588,45
779,Terrelle Pryor,QB,CIN,680,84,-248.8951,1.341,23.8899,3.3264,null
780,Terrelle Pryor,QB,CIN,680,84,-248.8951,1.341,23.8899,2.9361,null
781,Connor Shaw,QB,CLE,681,85,-250.1606,0.0754,0.1533,6.0371,null
782,Josh Freeman,QB,MIA,683,86,-250.236,0,0,-0.7599,null
783,Mike Kafka,QB,MIN,683,86,-250.236,0,0,null,null
784,Joe Webb,QB,CAR,683,86,-250.236,0,0,null,null
785,Jake Locker,QB,FA,683,86,-250.236,0,0,3.1886,null
786,Jason Campbell,QB,FA,683,86,-250.236,0,0,-0.8714,null
787,Jordan Palmer,QB,FA,683,86,-250.236,0,0,-0.9011,null
788,Ryan Lindley,QB,FA,683,86,-250.236,0,0,null,null
789,Matt Simms,QB,BUF,683,86,-250.236,0,0,null,null
790,Matt Blanchard,QB,GB,683,86,-250.236,0,0,null,null
791,Zac Dysert,QB,DEN,683,86,-250.236,0,0,null,null
792,Landry Jones,QB,PIT,683,86,-250.236,0,0,-0.745,null
793,Tyler Bray,QB,KC,683,86,-250.236,0,0,null,null
794,Ryan Griffin,QB,NO,683,86,-250.236,0,0,null,null
795,Aaron Murray,QB,KC,683,86,-250.236,0,0,null,null
796,Tajh Boyd,QB,PIT,683,86,-250.236,0,0,null,null
797,David Fales,QB,CHI,683,86,-250.236,0,0,null,null
798,Keith Wenning,QB,FA,683,86,-250.236,0,0,null,null
799,Garrett Gilbert,QB,DET,683,86,-250.236,0,0,null,null
800,Bryn Renner,QB,BAL,683,86,-250.236,0,0,null,null
801,Stephen Morris,QB,JAC,683,86,-250.236,0,0,null,null
802,Dustin Vaughan,QB,DAL,683,86,-250.236,0,0,null,null
803,Trevor Siemian,QB,DEN,683,86,-250.236,0,0,null,null
804,Shane Carden,QB,CHI,683,86,-250.236,0,0,null,null
805,Cody Fajardo,QB,OAK,683,86,-250.236,0,0,null,null
806,Devin Gardner,WR,PIT,683,86,-250.236,0,0,null,null